	{

		"metadata": {
			"formatVersion" : 3.1,
			"generatedBy"   : "Blender 2.7 Exporter",
			"vertices"      : 44,
			"faces"         : 42,
			"normals"       : 44,
			"colors"        : 0,
			"uvs"           : [],
			"materials"     : 2,
			"morphTargets"  : 0,
			"bones"         : 0
		},

			"scale" : 1.000000,
			
			"vertices" : [-0.595654,-0.595654,2.33386,-1,-1,-0.0641557,1,-1,-0.0641557,0.595654,-0.595654,2.33386,-0.595654,0.595654,2.33386,-1,1,1,1,1,1,0.595654,0.595654,2.33386,-1,-1,-1,1,-1,-1,-1,1,0.34157,1,1,0.34157,-1,-1,-3,1,-1,-3,-1,1,-3,1,1,-3,2,-0.5,-2,2,0.5,-2,2,-0.5,-4.04161,2,0.5,-4.04161,-0.5,2,-2,0.5,2,-2,-0.5,2,-4.04161,0.5,2,-4.04161,-2,-0.5,-2,-2,0.5,-2,-2,-0.5,-4.04161,-2,0.5,-4.04161,-0.5,-2,-2,0.5,-2,-2,-0.5,-2,-4.04161,0.5,-2,-4.04161,0,1.14222,1,0,-1.08888,1,0,0.323526,3.60441,0,-0.270194,3.60441,0,1.14222,0.34157,0,-1.2311,-1,0,1,-3.58743,0,-0.712622,-3,0,2.14222,-2,0,2.14222,-4.62904,0,-2,-2,0,-2.1926,-4.04161],
			"faces"    : [35,1,0,4,5,0,0,1,2,3,35,33,1,8,37,0,4,0,5,6,35,6,7,3,2,0,7,8,9,10,35,0,35,34,4,0,1,11,12,2,35,35,33,2,3,0,11,4,10,9,35,34,32,5,4,0,12,13,3,2,35,13,9,29,31,0,14,15,16,17,35,32,6,11,36,0,13,7,18,19,35,6,2,9,11,1,7,10,15,18,35,10,8,1,5,1,20,5,0,3,35,38,15,13,39,1,21,22,14,23,35,14,10,20,22,0,24,20,25,26,35,17,19,15,11,0,27,28,22,18,35,27,25,10,14,0,29,30,20,24,35,17,16,18,19,0,27,31,32,28,35,11,9,16,17,0,18,15,31,27,35,18,16,9,13,0,32,31,15,14,35,19,18,13,15,0,28,32,14,22,35,40,21,23,41,0,33,34,35,36,35,36,11,21,40,1,19,18,34,33,35,41,23,15,38,0,36,35,22,21,35,11,15,23,21,0,18,22,35,34,35,27,26,24,25,0,29,37,38,30,35,25,24,8,10,0,30,38,5,20,35,24,26,12,8,0,38,37,39,5,35,14,12,26,27,0,24,39,37,29,35,42,28,30,43,0,40,41,42,43,35,43,30,12,39,0,43,42,39,23,35,8,12,30,28,0,5,39,42,41,35,37,8,28,42,0,6,5,41,40,35,2,33,37,9,0,10,4,6,15,35,7,34,35,3,0,8,12,11,9,35,0,1,33,35,0,1,0,4,11,35,7,6,32,34,0,8,7,13,12,35,5,32,36,10,0,3,13,19,20,35,14,38,39,12,1,24,21,23,39,35,20,40,41,22,0,25,33,36,26,35,10,36,40,20,1,20,19,33,25,35,22,41,38,14,0,26,36,21,24,35,29,42,43,31,0,16,40,43,17,35,31,43,39,13,0,17,43,23,14,35,9,37,42,29,0,15,6,40,16],
			"uvs"      : [],
			"normals"  : [-0.758965,-0.643422,0.099704,-0.735343,-0.585223,0.341655,-0.737266,0.549974,0.392315,-0.757927,0.626179,0.182745,0,-0.978942,0.204108,-0.683645,-0.674245,0.279244,0,-0.923765,0.382885,0.757927,0.626179,0.182745,0.737266,0.549974,0.392315,0.735343,-0.585223,0.341655,0.758965,-0.643422,0.099704,0,-0.421705,0.906705,0,0.42201,0.906552,0,0.987762,0.155766,0.547777,-0.501541,-0.669576,0.683645,-0.674245,0.279244,0.520981,-0.812189,0.262398,0.557146,-0.270058,-0.785241,0.764763,0.619007,0.178594,0,0.980834,0.1948,-0.764763,0.619007,0.178594,0,-0.431867,-0.901914,0.626362,0.488662,-0.607318,0,0.203833,-0.978973,-0.626362,0.488662,-0.607318,-0.577502,0.806513,0.126377,-0.771874,0.375713,-0.512864,0.888028,0.421094,0.184454,0.350169,0.45558,-0.818384,-0.350169,0.45558,-0.818384,-0.888028,0.421094,0.184454,0.844386,-0.499954,0.192358,0.350169,-0.45558,-0.818384,0,0.982269,0.187445,0.577502,0.806513,0.126377,0.771874,0.375713,-0.512864,0,0.335643,-0.941954,-0.350169,-0.45558,-0.818384,-0.844386,-0.499954,0.192358,-0.547777,-0.501541,-0.669576,0,-0.929929,0.367687,-0.520981,-0.812189,0.262398,-0.557146,-0.270058,-0.785241,0,-0.60857,-0.793481],
			
			"skinIndices"  : [],
			"skinWeights"  : [],
			"morphTargets" : [],
			
			"bones"      : [],
			"animations" : [],
			
			"colors"    : [],
			"materials" : [
				{
					"DbgColor": 15658734,
					"DbgIndex": 0,
					"DbgName": "Material.002",
					"blending": "NormalBlending",
					"colorAmbient": [0.7986345410143514, 0.7761486169121952, 0.800000011920929],
					"colorDiffuse": [0.7986345410143514, 0.7761486169121952, 0.800000011920929],
					"colorEmissive": [0.3993172705071757, 0.3880743084560976, 0.4000000059604645],
					"colorSpecular": [0.5, 0.5, 0.5],
					"depthTest": true,
					"depthWrite": true,
					"shading": "Lambert",
					"specularCoef": 50,
					"transparency": 1.0,
					"transparent": false,
					"vertexColors": false
				},
				{
					"DbgColor": 15597568,
					"DbgIndex": 1,
					"DbgName": "Material.003",
					"blending": "NormalBlending",
					"colorAmbient": [0.0, 0.0, 0.0],
					"colorDiffuse": [0.0, 0.0, 0.0],
					"colorEmissive": [0.0, 0.0, 0.0],
					"colorSpecular": [0.5, 0.5, 0.5],
					"depthTest": true,
					"depthWrite": true,
					"shading": "Lambert",
					"specularCoef": 50,
					"transparency": 1.0,
					"transparent": false,
					"vertexColors": false
				}
			]


	}
