	{

		"metadata": {
			"formatVersion" : 3.1,
			"generatedBy"   : "Blender 2.7 Exporter",
			"vertices"      : 44,
			"faces"         : 42,
			"normals"       : 44,
			"colors"        : 0,
			"uvs"           : [],
			"materials"     : 2,
			"morphTargets"  : 0,
			"bones"         : 0
		},

			"scale" : 1.000000,
			
			"vertices" : [-1.12754,-0.722011,5.98373,-1.64891,-1.02699,3.2918,1.64891,-1.02699,3.2918,1.12754,-0.722011,5.98373,-1.12754,0.829256,6.0364,-1.72472,1.50608,3.51914,1.72472,1.50608,3.51914,1.12754,0.829256,6.0364,-2.14857,-1.30606,-0.539961,2.14857,-1.30606,-0.539961,-2.45181,1.81844,0.0727965,2.45181,1.81844,0.0727965,-2.17828,-1.44881,-7.12844,2.17828,-1.44881,-7.12843,-2.48152,1.69098,-7.00832,2.48152,1.69098,-7.00832,5.48027,-0.734844,-7.09409,5.58135,0.824311,-6.94896,5.48027,-0.842356,-10.6164,5.58135,0.82431,-10.6164,-1.10108,3.70505,-2.51023,1.10108,3.70505,-2.51023,-1.10108,3.70505,-6.37345,1.10108,3.70505,-6.37345,-5.48027,-0.734844,-7.09409,-5.58135,0.824311,-6.94896,-5.48027,-0.842356,-10.6164,-5.58135,0.82431,-10.6164,-1,-2.41627,-2.65537,1,-2.41627,-2.65537,-1,-2.58798,-6.17764,1,-2.58798,-6.17764,0,1.99963,3.87627,0,-1.81196,3.46189,0,0.830337,7.31222,0,-0.768383,7.31222,0,2.4543,1.65214,0,-2.17829,0.0928655,0,1.84838,-7.54002,0,-1.34701,-7.51703,0,3.9543,-2.68209,0,3.91875,-6.85273,0,-2.65544,-2.87062,0,-2.67028,-6.30659],
			"faces"    : [35,1,0,4,5,0,0,1,2,3,35,33,1,8,37,0,4,0,5,6,35,6,7,3,2,0,7,8,9,10,35,0,35,34,4,0,1,11,12,2,35,35,33,2,3,0,11,4,10,9,35,34,32,5,4,0,12,13,3,2,35,13,9,29,31,0,14,15,16,17,35,32,6,11,36,0,13,7,18,19,35,6,2,9,11,1,7,10,15,18,35,10,8,1,5,1,20,5,0,3,35,38,15,13,39,1,21,22,14,23,35,14,10,20,22,0,24,20,25,26,35,17,19,15,11,0,27,28,22,18,35,27,25,10,14,0,29,30,20,24,35,17,16,18,19,0,27,31,32,28,35,11,9,16,17,0,18,15,31,27,35,18,16,9,13,0,32,31,15,14,35,19,18,13,15,0,28,32,14,22,35,40,21,23,41,0,33,34,35,36,35,36,11,21,40,1,19,18,34,33,35,41,23,15,38,0,36,35,22,21,35,11,15,23,21,0,18,22,35,34,35,27,26,24,25,0,29,37,38,30,35,25,24,8,10,0,30,38,5,20,35,24,26,12,8,0,38,37,39,5,35,14,12,26,27,0,24,39,37,29,35,42,28,30,43,0,40,41,42,43,35,43,30,12,39,0,43,42,39,23,35,8,12,30,28,0,5,39,42,41,35,37,8,28,42,0,6,5,41,40,35,2,33,37,9,0,10,4,6,15,35,7,34,35,3,0,8,12,11,9,35,0,1,33,35,0,1,0,4,11,35,7,6,32,34,0,8,7,13,12,35,5,32,36,10,0,3,13,19,20,35,14,38,39,12,1,24,21,23,39,35,20,40,41,22,0,25,33,36,26,35,10,36,40,20,1,20,19,33,25,35,22,41,38,14,0,26,36,21,24,35,29,42,43,31,0,16,40,43,17,35,31,43,39,13,0,17,43,23,14,35,9,37,42,29,0,15,6,40,16],
			"uvs"      : [],
			"normals"  : [-0.804071,-0.560686,0.197638,-0.780145,-0.487045,0.39259,-0.771569,0.451247,0.448317,-0.797723,0.547136,0.253487,0,-0.983947,0.178381,-0.74749,-0.621082,0.235511,0,-0.986297,0.1648,0.797723,0.547136,0.253487,0.771569,0.451247,0.448317,0.780145,-0.487045,0.39259,0.804071,-0.560686,0.197638,0,-0.509018,0.860714,0,0.472121,0.881527,0,0.965728,0.259438,0.12653,-0.748314,-0.651112,0.74749,-0.621082,0.235511,0.460799,-0.88226,0.095981,0.365123,-0.886929,-0.282815,0.821558,0.493423,0.285592,0,0.968383,0.249458,-0.821558,0.493423,0.285592,0,0.207556,-0.97821,0.246681,0.705313,-0.664571,0,-0.346324,-0.938108,-0.246681,0.705313,-0.664571,-0.54149,0.829585,0.136143,-0.511093,0.768975,-0.383923,0.846767,0.506302,0.16306,0.343089,0.50676,-0.790826,-0.343089,0.50676,-0.790826,-0.846767,0.506302,0.16306,0.771142,-0.616779,0.15772,0.295267,-0.506241,-0.810236,0,0.986572,0.163213,0.54149,0.829585,0.136143,0.511093,0.768975,-0.383923,0,0.788232,-0.615345,-0.295267,-0.506241,-0.810236,-0.771142,-0.616779,0.15772,-0.12653,-0.748314,-0.651112,0,-0.994171,0.107608,-0.460799,-0.88226,0.095981,-0.365123,-0.886929,-0.282815,0,-0.915036,-0.403333],
			
			"skinIndices"  : [],
			"skinWeights"  : [],
			"morphTargets" : [],
			
			"bones"      : [],
			"animations" : [],
			
			"colors"    : [],
			"materials" : [
				{
					"DbgColor": 15658734,
					"DbgIndex": 0,
					"DbgName": "Material.002",
					"blending": "NormalBlending",
					"colorAmbient": [0.0, 0.4926494671799162, 0.800000011920929],
					"colorDiffuse": [0.0, 0.4926494671799162, 0.800000011920929],
					"colorEmissive": [0.0, 0.2463247335899581, 0.4000000059604645],
					"colorSpecular": [0.5, 0.5, 0.5],
					"depthTest": true,
					"depthWrite": true,
					"shading": "Lambert",
					"specularCoef": 50,
					"transparency": 1.0,
					"transparent": false,
					"vertexColors": false
				},
				{
					"DbgColor": 15597568,
					"DbgIndex": 1,
					"DbgName": "Material.003",
					"blending": "NormalBlending",
					"colorAmbient": [0.0, 0.0, 0.0],
					"colorDiffuse": [0.0, 0.0, 0.0],
					"colorEmissive": [0.0, 0.0, 0.0],
					"colorSpecular": [0.5, 0.5, 0.5],
					"depthTest": true,
					"depthWrite": true,
					"shading": "Lambert",
					"specularCoef": 50,
					"transparency": 1.0,
					"transparent": false,
					"vertexColors": false
				}
			]


	}
